"marca","media_vendas"
"Kia","23"
"Fiat","19.681818181818183"
"Volkswagen","18.80952380952381"
"Peugeot ","11.555555555555555"
"Toyota","7.875"
"Subaru","7.428571428571429"
"Renault","4.75"
"Mitsubishi","3.8"
"Chevrolet ","3.6666666666666665"
"Nissan","3.2857142857142856"
"JaC Motors","2.1666666666666665"
