"marca","media_vendas"
"Chevrolet ","3.6666666666666665"
"Fiat","19.681818181818183"
"JaC Motors","2.1666666666666665"
"Kia","23"
"Mitsubishi","3.8"
"Nissan","3.2857142857142856"
"Peugeot ","11.555555555555555"
"Renault","4.75"
"Subaru","7.428571428571429"
"Toyota","7.875"
"Volkswagen","18.80952380952381"
